Country.Region,Indicator,Data.source,Year,Sex,Age,Value
Angola,Reported number of adolescents receiving ART,UNAIDS 2021 estimates,2019,Both,Age 10-14,"1,100"
Angola,Reported number of adolescents receiving ART,UNAIDS 2021 estimates,2019,Both,Age 15-19,"1,300"
Angola,Reported number of adolescents receiving ART,UNAIDS 2021 estimates,2019,Female,Age 10-14,570
Angola,Reported number of adolescents receiving ART,UNAIDS 2021 estimates,2019,Female,Age 15-19,770
Angola,Reported number of adolescents receiving ART,UNAIDS 2021 estimates,2019,Male,Age 10-14,580
Angola,Reported number of adolescents receiving ART,UNAIDS 2021 estimates,2019,Male,Age 15-19,520
Bangladesh,Reported number of adolescents receiving ART,UNAIDS 2021 estimates,2019,Both,Age 10-14,<100
Bangladesh,Reported number of adolescents receiving ART,UNAIDS 2021 estimates,2019,Both,Age 15-19,<100
Bangladesh,Reported number of adolescents receiving ART,UNAIDS 2021 estimates,2019,Female,Age 10-14,<100
Bangladesh,Reported number of adolescents receiving ART,UNAIDS 2021 estimates,2019,Female,Age 15-19,<100
Bangladesh,Reported number of adolescents receiving ART,UNAIDS 2021 estimates,2019,Male,Age 10-14,<100
Bangladesh,Reported number of adolescents receiving ART,UNAIDS 2021 estimates,2019,Male,Age 15-19,<100
Brazil,Reported number of adolescents receiving ART,UNAIDS 2021 estimates,2019,Both,Age 10-14,"3,100"
Brazil,Reported number of adolescents receiving ART,UNAIDS 2021 estimates,2019,Both,Age 15-19,"4,000"
Brazil,Reported number of adolescents receiving ART,UNAIDS 2021 estimates,2019,Female,Age 10-14,"1,500"
Brazil,Reported number of adolescents receiving ART,UNAIDS 2021 estimates,2019,Female,Age 15-19,"2,000"
Brazil,Reported number of adolescents receiving ART,UNAIDS 2021 estimates,2019,Male,Age 10-14,"1,600"
Brazil,Reported number of adolescents receiving ART,UNAIDS 2021 estimates,2019,Male,Age 15-19,"2,000"
Central African Republic,Reported number of adolescents receiving ART,UNAIDS 2021 estimates,2019,Both,Age 10-14,810
Central African Republic,Reported number of adolescents receiving ART,UNAIDS 2021 estimates,2019,Both,Age 15-19,"1,200"
Central African Republic,Reported number of adolescents receiving ART,UNAIDS 2021 estimates,2019,Female,Age 10-14,<500
Central African Republic,Reported number of adolescents receiving ART,UNAIDS 2021 estimates,2019,Female,Age 15-19,790
Central African Republic,Reported number of adolescents receiving ART,UNAIDS 2021 estimates,2019,Male,Age 10-14,<500
Central African Republic,Reported number of adolescents receiving ART,UNAIDS 2021 estimates,2019,Male,Age 15-19,<500
China,Reported number of adolescents receiving ART,UNAIDS 2021 estimates,2019,Both,Age 10-14,"1,500"
China,Reported number of adolescents receiving ART,UNAIDS 2021 estimates,2019,Both,Age 15-19,"2,000"
China,Reported number of adolescents receiving ART,UNAIDS 2021 estimates,2019,Female,Age 10-14,690
China,Reported number of adolescents receiving ART,UNAIDS 2021 estimates,2019,Female,Age 15-19,870
China,Reported number of adolescents receiving ART,UNAIDS 2021 estimates,2019,Male,Age 10-14,800
China,Reported number of adolescents receiving ART,UNAIDS 2021 estimates,2019,Male,Age 15-19,"1,100"
Democratic Republic of the Congo,Reported number of adolescents receiving ART,UNAIDS 2021 estimates,2019,Both,Age 10-14,"3,800"
Democratic Republic of the Congo,Reported number of adolescents receiving ART,UNAIDS 2021 estimates,2019,Both,Age 15-19,"13,000"
Democratic Republic of the Congo,Reported number of adolescents receiving ART,UNAIDS 2021 estimates,2019,Female,Age 10-14,"1,900"
Democratic Republic of the Congo,Reported number of adolescents receiving ART,UNAIDS 2021 estimates,2019,Female,Age 15-19,"6,400"
Democratic Republic of the Congo,Reported number of adolescents receiving ART,UNAIDS 2021 estimates,2019,Male,Age 10-14,"1,900"
Democratic Republic of the Congo,Reported number of adolescents receiving ART,UNAIDS 2021 estimates,2019,Male,Age 15-19,"6,900"
Congo,Reported number of adolescents receiving ART,UNAIDS 2021 estimates,2019,Both,Age 10-14,550
Congo,Reported number of adolescents receiving ART,UNAIDS 2021 estimates,2019,Both,Age 15-19,670
Congo,Reported number of adolescents receiving ART,UNAIDS 2021 estimates,2019,Female,Age 10-14,<500
Congo,Reported number of adolescents receiving ART,UNAIDS 2021 estimates,2019,Female,Age 15-19,<500
Congo,Reported number of adolescents receiving ART,UNAIDS 2021 estimates,2019,Male,Age 10-14,<500
Congo,Reported number of adolescents receiving ART,UNAIDS 2021 estimates,2019,Male,Age 15-19,<500
Ethiopia,Reported number of adolescents receiving ART,UNAIDS 2021 estimates,2019,Both,Age 10-14,"12,000"
Ethiopia,Reported number of adolescents receiving ART,UNAIDS 2021 estimates,2019,Both,Age 15-19,"19,000"
Ethiopia,Reported number of adolescents receiving ART,UNAIDS 2021 estimates,2019,Female,Age 10-14,"6,000"
Ethiopia,Reported number of adolescents receiving ART,UNAIDS 2021 estimates,2019,Female,Age 15-19,"9,500"
Ethiopia,Reported number of adolescents receiving ART,UNAIDS 2021 estimates,2019,Male,Age 10-14,"6,200"
Ethiopia,Reported number of adolescents receiving ART,UNAIDS 2021 estimates,2019,Male,Age 15-19,"9,300"
Gabon,Reported number of adolescents receiving ART,UNAIDS 2021 estimates,2019,Both,Age 10-14,600
Gabon,Reported number of adolescents receiving ART,UNAIDS 2021 estimates,2019,Both,Age 15-19,770
Gabon,Reported number of adolescents receiving ART,UNAIDS 2021 estimates,2019,Female,Age 10-14,<500
Gabon,Reported number of adolescents receiving ART,UNAIDS 2021 estimates,2019,Female,Age 15-19,<500
Gabon,Reported number of adolescents receiving ART,UNAIDS 2021 estimates,2019,Male,Age 10-14,<500
Gabon,Reported number of adolescents receiving ART,UNAIDS 2021 estimates,2019,Male,Age 15-19,<500
Indonesia,Reported number of adolescents receiving ART,UNAIDS 2021 estimates,2019,Both,Age 10-14,"1,000"
Indonesia,Reported number of adolescents receiving ART,UNAIDS 2021 estimates,2019,Both,Age 15-19,520
Indonesia,Reported number of adolescents receiving ART,UNAIDS 2021 estimates,2019,Female,Age 10-14,<500
Indonesia,Reported number of adolescents receiving ART,UNAIDS 2021 estimates,2019,Female,Age 15-19,<500
Indonesia,Reported number of adolescents receiving ART,UNAIDS 2021 estimates,2019,Male,Age 10-14,510
Indonesia,Reported number of adolescents receiving ART,UNAIDS 2021 estimates,2019,Male,Age 15-19,<500
India,Reported number of adolescents receiving ART,UNAIDS 2021 estimates,2019,Both,Age 10-14,"19,000"
India,Reported number of adolescents receiving ART,UNAIDS 2021 estimates,2019,Both,Age 15-19,"28,000"
India,Reported number of adolescents receiving ART,UNAIDS 2021 estimates,2019,Female,Age 10-14,"9,100"
India,Reported number of adolescents receiving ART,UNAIDS 2021 estimates,2019,Female,Age 15-19,"14,000"
India,Reported number of adolescents receiving ART,UNAIDS 2021 estimates,2019,Male,Age 10-14,"10,000"
India,Reported number of adolescents receiving ART,UNAIDS 2021 estimates,2019,Male,Age 15-19,"14,000"
Kenya,Reported number of adolescents receiving ART,UNAIDS 2021 estimates,2019,Both,Age 10-14,"31,000"
Kenya,Reported number of adolescents receiving ART,UNAIDS 2021 estimates,2019,Both,Age 15-19,"42,000"
Kenya,Reported number of adolescents receiving ART,UNAIDS 2021 estimates,2019,Female,Age 10-14,"16,000"
Kenya,Reported number of adolescents receiving ART,UNAIDS 2021 estimates,2019,Female,Age 15-19,"25,000"
Kenya,Reported number of adolescents receiving ART,UNAIDS 2021 estimates,2019,Male,Age 10-14,"16,000"
Kenya,Reported number of adolescents receiving ART,UNAIDS 2021 estimates,2019,Male,Age 15-19,"17,000"
Liberia,Reported number of adolescents receiving ART,UNAIDS 2021 estimates,2019,Both,Age 10-14,<500
Liberia,Reported number of adolescents receiving ART,UNAIDS 2021 estimates,2019,Both,Age 15-19,<500
Liberia,Reported number of adolescents receiving ART,UNAIDS 2021 estimates,2019,Female,Age 10-14,<200
Liberia,Reported number of adolescents receiving ART,UNAIDS 2021 estimates,2019,Female,Age 15-19,<500
Liberia,Reported number of adolescents receiving ART,UNAIDS 2021 estimates,2019,Male,Age 10-14,<200
Liberia,Reported number of adolescents receiving ART,UNAIDS 2021 estimates,2019,Male,Age 15-19,<200
Lesotho,Reported number of adolescents receiving ART,UNAIDS 2021 estimates,2019,Both,Age 10-14,"4,900"
Lesotho,Reported number of adolescents receiving ART,UNAIDS 2021 estimates,2019,Both,Age 15-19,"4,600"
Lesotho,Reported number of adolescents receiving ART,UNAIDS 2021 estimates,2019,Female,Age 10-14,"2,400"
Lesotho,Reported number of adolescents receiving ART,UNAIDS 2021 estimates,2019,Female,Age 15-19,"2,700"
Lesotho,Reported number of adolescents receiving ART,UNAIDS 2021 estimates,2019,Male,Age 10-14,"2,500"
Lesotho,Reported number of adolescents receiving ART,UNAIDS 2021 estimates,2019,Male,Age 15-19,"1,900"
Myanmar,Reported number of adolescents receiving ART,UNAIDS 2021 estimates,2019,Both,Age 10-14,"2,800"
Myanmar,Reported number of adolescents receiving ART,UNAIDS 2021 estimates,2019,Both,Age 15-19,"4,500"
Myanmar,Reported number of adolescents receiving ART,UNAIDS 2021 estimates,2019,Female,Age 10-14,"1,400"
Myanmar,Reported number of adolescents receiving ART,UNAIDS 2021 estimates,2019,Female,Age 15-19,"2,800"
Myanmar,Reported number of adolescents receiving ART,UNAIDS 2021 estimates,2019,Male,Age 10-14,"1,400"
Myanmar,Reported number of adolescents receiving ART,UNAIDS 2021 estimates,2019,Male,Age 15-19,"1,600"
Mongolia,Reported number of adolescents receiving ART,UNAIDS 2021 estimates,2019,Both,Age 10-14,<100
Mongolia,Reported number of adolescents receiving ART,UNAIDS 2021 estimates,2019,Both,Age 15-19,<100
Mongolia,Reported number of adolescents receiving ART,UNAIDS 2021 estimates,2019,Female,Age 10-14,<100
Mongolia,Reported number of adolescents receiving ART,UNAIDS 2021 estimates,2019,Female,Age 15-19,<100
Mongolia,Reported number of adolescents receiving ART,UNAIDS 2021 estimates,2019,Male,Age 10-14,<100
Mongolia,Reported number of adolescents receiving ART,UNAIDS 2021 estimates,2019,Male,Age 15-19,<100
Mozambique,Reported number of adolescents receiving ART,UNAIDS 2021 estimates,2019,Both,Age 10-14,"20,000"
Mozambique,Reported number of adolescents receiving ART,UNAIDS 2021 estimates,2019,Both,Age 15-19,"33,000"
Mozambique,Reported number of adolescents receiving ART,UNAIDS 2021 estimates,2019,Female,Age 10-14,"10,000"
Mozambique,Reported number of adolescents receiving ART,UNAIDS 2021 estimates,2019,Female,Age 15-19,"23,000"
Mozambique,Reported number of adolescents receiving ART,UNAIDS 2021 estimates,2019,Male,Age 10-14,"10,000"
Mozambique,Reported number of adolescents receiving ART,UNAIDS 2021 estimates,2019,Male,Age 15-19,"10,000"
Namibia,Reported number of adolescents receiving ART,UNAIDS 2021 estimates,2019,Both,Age 10-14,"4,100"
Namibia,Reported number of adolescents receiving ART,UNAIDS 2021 estimates,2019,Both,Age 15-19,"4,600"
Namibia,Reported number of adolescents receiving ART,UNAIDS 2021 estimates,2019,Female,Age 10-14,"2,000"
Namibia,Reported number of adolescents receiving ART,UNAIDS 2021 estimates,2019,Female,Age 15-19,"2,800"
Namibia,Reported number of adolescents receiving ART,UNAIDS 2021 estimates,2019,Male,Age 10-14,"2,000"
Namibia,Reported number of adolescents receiving ART,UNAIDS 2021 estimates,2019,Male,Age 15-19,"1,800"
Nigeria,Reported number of adolescents receiving ART,UNAIDS 2021 estimates,2019,Both,Age 10-14,"16,000"
Nigeria,Reported number of adolescents receiving ART,UNAIDS 2021 estimates,2019,Both,Age 15-19,"25,000"
Nigeria,Reported number of adolescents receiving ART,UNAIDS 2021 estimates,2019,Female,Age 10-14,"7,600"
Nigeria,Reported number of adolescents receiving ART,UNAIDS 2021 estimates,2019,Female,Age 15-19,"16,000"
Nigeria,Reported number of adolescents receiving ART,UNAIDS 2021 estimates,2019,Male,Age 10-14,"8,100"
Nigeria,Reported number of adolescents receiving ART,UNAIDS 2021 estimates,2019,Male,Age 15-19,"8,800"
Pakistan,Reported number of adolescents receiving ART,UNAIDS 2021 estimates,2019,Both,Age 10-14,<100
Pakistan,Reported number of adolescents receiving ART,UNAIDS 2021 estimates,2019,Both,Age 15-19,<100
Pakistan,Reported number of adolescents receiving ART,UNAIDS 2021 estimates,2019,Female,Age 10-14,<100
Pakistan,Reported number of adolescents receiving ART,UNAIDS 2021 estimates,2019,Female,Age 15-19,<100
Pakistan,Reported number of adolescents receiving ART,UNAIDS 2021 estimates,2019,Male,Age 10-14,<100
Pakistan,Reported number of adolescents receiving ART,UNAIDS 2021 estimates,2019,Male,Age 15-19,<100
Philippines,Reported number of adolescents receiving ART,UNAIDS 2021 estimates,2019,Both,Age 10-14,<100
Philippines,Reported number of adolescents receiving ART,UNAIDS 2021 estimates,2019,Both,Age 15-19,880
Philippines,Reported number of adolescents receiving ART,UNAIDS 2021 estimates,2019,Female,Age 10-14,<100
Philippines,Reported number of adolescents receiving ART,UNAIDS 2021 estimates,2019,Female,Age 15-19,<100
Philippines,Reported number of adolescents receiving ART,UNAIDS 2021 estimates,2019,Male,Age 10-14,<100
Philippines,Reported number of adolescents receiving ART,UNAIDS 2021 estimates,2019,Male,Age 15-19,840
Papua New Guinea,Reported number of adolescents receiving ART,UNAIDS 2021 estimates,2019,Both,Age 10-14,<500
Papua New Guinea,Reported number of adolescents receiving ART,UNAIDS 2021 estimates,2019,Both,Age 15-19,500
Papua New Guinea,Reported number of adolescents receiving ART,UNAIDS 2021 estimates,2019,Female,Age 10-14,<500
Papua New Guinea,Reported number of adolescents receiving ART,UNAIDS 2021 estimates,2019,Female,Age 15-19,<500
Papua New Guinea,Reported number of adolescents receiving ART,UNAIDS 2021 estimates,2019,Male,Age 10-14,<500
Papua New Guinea,Reported number of adolescents receiving ART,UNAIDS 2021 estimates,2019,Male,Age 15-19,<500
Democratic People's Republic of Korea,Reported number of adolescents receiving ART,UNAIDS 2021 estimates,2019,Both,Age 10-14,<100
Democratic People's Republic of Korea,Reported number of adolescents receiving ART,UNAIDS 2021 estimates,2019,Both,Age 15-19,<100
Democratic People's Republic of Korea,Reported number of adolescents receiving ART,UNAIDS 2021 estimates,2019,Female,Age 10-14,<100
Democratic People's Republic of Korea,Reported number of adolescents receiving ART,UNAIDS 2021 estimates,2019,Female,Age 15-19,<100
Democratic People's Republic of Korea,Reported number of adolescents receiving ART,UNAIDS 2021 estimates,2019,Male,Age 10-14,<100
Democratic People's Republic of Korea,Reported number of adolescents receiving ART,UNAIDS 2021 estimates,2019,Male,Age 15-19,<100
Sierra Leone,Reported number of adolescents receiving ART,UNAIDS 2021 estimates,2019,Both,Age 10-14,<500
Sierra Leone,Reported number of adolescents receiving ART,UNAIDS 2021 estimates,2019,Both,Age 15-19,"1,300"
Sierra Leone,Reported number of adolescents receiving ART,UNAIDS 2021 estimates,2019,Female,Age 10-14,<200
Sierra Leone,Reported number of adolescents receiving ART,UNAIDS 2021 estimates,2019,Female,Age 15-19,980
Sierra Leone,Reported number of adolescents receiving ART,UNAIDS 2021 estimates,2019,Male,Age 10-14,<200
Sierra Leone,Reported number of adolescents receiving ART,UNAIDS 2021 estimates,2019,Male,Age 15-19,<500
Thailand,Reported number of adolescents receiving ART,UNAIDS 2021 estimates,2019,Both,Age 10-14,"1,400"
Thailand,Reported number of adolescents receiving ART,UNAIDS 2021 estimates,2019,Both,Age 15-19,"3,200"
Thailand,Reported number of adolescents receiving ART,UNAIDS 2021 estimates,2019,Female,Age 10-14,690
Thailand,Reported number of adolescents receiving ART,UNAIDS 2021 estimates,2019,Female,Age 15-19,"1,500"
Thailand,Reported number of adolescents receiving ART,UNAIDS 2021 estimates,2019,Male,Age 10-14,700
Thailand,Reported number of adolescents receiving ART,UNAIDS 2021 estimates,2019,Male,Age 15-19,"1,700"
United Republic of Tanzania,Reported number of adolescents receiving ART,UNAIDS 2021 estimates,2019,Both,Age 10-14,"26,000"
United Republic of Tanzania,Reported number of adolescents receiving ART,UNAIDS 2021 estimates,2019,Both,Age 15-19,"35,000"
United Republic of Tanzania,Reported number of adolescents receiving ART,UNAIDS 2021 estimates,2019,Female,Age 10-14,"13,000"
United Republic of Tanzania,Reported number of adolescents receiving ART,UNAIDS 2021 estimates,2019,Female,Age 15-19,"22,000"
United Republic of Tanzania,Reported number of adolescents receiving ART,UNAIDS 2021 estimates,2019,Male,Age 10-14,"13,000"
United Republic of Tanzania,Reported number of adolescents receiving ART,UNAIDS 2021 estimates,2019,Male,Age 15-19,"13,000"
Uganda,Reported number of adolescents receiving ART,UNAIDS 2021 estimates,2019,Both,Age 10-14,"26,000"
Uganda,Reported number of adolescents receiving ART,UNAIDS 2021 estimates,2019,Both,Age 15-19,"38,000"
Uganda,Reported number of adolescents receiving ART,UNAIDS 2021 estimates,2019,Female,Age 10-14,"13,000"
Uganda,Reported number of adolescents receiving ART,UNAIDS 2021 estimates,2019,Female,Age 15-19,"24,000"
Uganda,Reported number of adolescents receiving ART,UNAIDS 2021 estimates,2019,Male,Age 10-14,"13,000"
Uganda,Reported number of adolescents receiving ART,UNAIDS 2021 estimates,2019,Male,Age 15-19,"14,000"
Viet Nam,Reported number of adolescents receiving ART,UNAIDS 2021 estimates,2019,Both,Age 10-14,"1,500"
Viet Nam,Reported number of adolescents receiving ART,UNAIDS 2021 estimates,2019,Both,Age 15-19,940
Viet Nam,Reported number of adolescents receiving ART,UNAIDS 2021 estimates,2019,Female,Age 10-14,700
Viet Nam,Reported number of adolescents receiving ART,UNAIDS 2021 estimates,2019,Female,Age 15-19,<500
Viet Nam,Reported number of adolescents receiving ART,UNAIDS 2021 estimates,2019,Male,Age 10-14,780
Viet Nam,Reported number of adolescents receiving ART,UNAIDS 2021 estimates,2019,Male,Age 15-19,<500
South Africa,Reported number of adolescents receiving ART,UNAIDS 2021 estimates,2019,Both,Age 10-14,"66,000"
South Africa,Reported number of adolescents receiving ART,UNAIDS 2021 estimates,2019,Both,Age 15-19,"72,000"
South Africa,Reported number of adolescents receiving ART,UNAIDS 2021 estimates,2019,Female,Age 10-14,"33,000"
South Africa,Reported number of adolescents receiving ART,UNAIDS 2021 estimates,2019,Female,Age 15-19,"48,000"
South Africa,Reported number of adolescents receiving ART,UNAIDS 2021 estimates,2019,Male,Age 10-14,"33,000"
South Africa,Reported number of adolescents receiving ART,UNAIDS 2021 estimates,2019,Male,Age 15-19,"24,000"
Zambia,Reported number of adolescents receiving ART,UNAIDS 2021 estimates,2019,Both,Age 10-14,"15,000"
Zambia,Reported number of adolescents receiving ART,UNAIDS 2021 estimates,2019,Both,Age 15-19,"28,000"
Zambia,Reported number of adolescents receiving ART,UNAIDS 2021 estimates,2019,Female,Age 10-14,"7,600"
Zambia,Reported number of adolescents receiving ART,UNAIDS 2021 estimates,2019,Female,Age 15-19,"18,000"
Zambia,Reported number of adolescents receiving ART,UNAIDS 2021 estimates,2019,Male,Age 10-14,"7,700"
Zambia,Reported number of adolescents receiving ART,UNAIDS 2021 estimates,2019,Male,Age 15-19,"10,000"
